id,title,description,company
1,junior java developer,"Lorem ipsum odor amet, consectetuer adipiscing elit.",company1@email.com
2,senior java developer,"Lorem ipsum odor amet, consectetuer adipiscing elit.",company1@email.com
3,junior php developer,"Lorem ipsum odor amet, consectetuer adipiscing elit.",company1@email.com
4,senior php developer,"Lorem ipsum odor amet, consectetuer adipiscing elit.",company1@email.com
5,junior SQL developer,"Lorem ipsum odor amet, consectetuer adipiscing elit.",company2@email.com
6,senior SQL developer,"Lorem ipsum odor amet, consectetuer adipiscing elit.",company2@email.com
7,web developer,"Lorem ipsum odor amet, consectetuer adipiscing elit.",company2@email.com
8,full stack developer,"Lorem ipsum odor amet, consectetuer adipiscing elit.",company3@email.com
9,devops engineer,"Lorem ipsum odor amet, consectetuer adipiscing elit.",company3@email.com
10,cloud engineer,"Lorem ipsum odor amet, consectetuer adipiscing elit.",company3@email.com